id,text_snippet,labels,processed_text,label_list,extracted_entities
1,Budget is tight. not sure.,Pricing Discussion,budget tight sure,['Pricing Discussion'],"{""pricing_keywords"": [""Budget""], ""ORG"": [""Budget""]}"
2,How do you address performance for enterprise clients?,Technical Inquiry,address performance enterprise client,['Technical Inquiry'],"{""technical_concerns"": [""performance""]}"
3,Our CFO is interested in understanding cost savings.,Decision Maker Interaction,cfo interested understanding cost saving,['Decision Maker Interaction'],"{""decision_makers"": [""CFO""], ""ORG"": [""CFO""]}"
4,We're experiencing manual reporting and need a robust solution.,Positive,experiencing manual reporting need robust solution,['Positive'],"{""pain_points"": [""manual reporting""]}"
5,How do you address data security for enterprise clients?,Technical Inquiry,address data security enterprise client,['Technical Inquiry'],"{""technical_concerns"": [""data security""]}"
6,Budget is tight. need approval.,Pricing Discussion,budget tight need approval,['Pricing Discussion'],"{""pricing_keywords"": [""Budget""], ""ORG"": [""Budget""]}"
7,How do you address data security for enterprise clients?,Technical Inquiry,address data security enterprise client,['Technical Inquiry'],"{""technical_concerns"": [""data security""]}"
8,Currently current contract expiring. Can you walk me through your offering?,Positive,currently current contract expiring walk offering,['Positive'],{}
9,How do you address integration for enterprise clients?,Technical Inquiry,address integration enterprise client,['Technical Inquiry'],"{""technical_concerns"": [""integration""]}"
10,We're looking at solutions in the finance sector. manual reporting is our main challenge.,Industry Specific,looking solution finance sector manual reporting main challenge,['Industry Specific'],"{""pain_points"": [""manual reporting""], ""industries"": [""finance""]}"
11,We're looking at solutions in the education sector. inefficient process is our main challenge.,Industry Specific,looking solution education sector inefficient process main challenge,['Industry Specific'],"{""pain_points"": [""inefficient process""], ""industries"": [""education""]}"
12,I'm seeing quotes from Tupac Solutions. What makes your solution different?,Competition,im seeing quote tupac solution make solution different,['Competition'],"{""competitors"": [""Tupac Solutions""], ""ORG"": [""Tupac Solutions""]}"
13,We're looking at solutions in the healthcare sector. inefficient process is our main challenge.,Industry Specific,looking solution healthcare sector inefficient process main challenge,['Industry Specific'],"{""pain_points"": [""inefficient process""], ""industries"": [""healthcare""]}"
14,Our CEO is interested in understanding increased efficiency.,Decision Maker Interaction,ceo interested understanding increased efficiency,['Decision Maker Interaction'],"{""decision_makers"": [""CEO""]}"
15,Currently looking for alternatives. Can you walk me through your offering?,Positive,currently looking alternative walk offering,['Positive'],{}
16,How do you address scalability for enterprise clients?,Technical Inquiry,address scalability enterprise client,['Technical Inquiry'],"{""technical_concerns"": [""scalability""]}"
17,I'm seeing quotes from KDot Technologies. What makes your solution different?,Competition,im seeing quote kdot technology make solution different,['Competition'],"{""competitors"": [""KDot Technologies""], ""ORG"": [""KDot Technologies""]}"
18,Our CTO is interested in understanding increased efficiency.,Decision Maker Interaction,cto interested understanding increased efficiency,['Decision Maker Interaction'],"{""decision_makers"": [""CTO""], ""ORG"": [""CTO""]}"
19,Budget is tight. need approval.,Pricing Discussion,budget tight need approval,['Pricing Discussion'],"{""pricing_keywords"": [""Budget""], ""ORG"": [""Budget""]}"
20,How do you address data security for enterprise clients?,Technical Inquiry,address data security enterprise client,['Technical Inquiry'],"{""technical_concerns"": [""data security""]}"
21,Budget is tight. not sure.,Pricing Discussion,budget tight sure,['Pricing Discussion'],"{""pricing_keywords"": [""Budget""], ""ORG"": [""Budget""]}"
22,I'm seeing quotes from JCole Corporation. What makes your solution different?,Competition,im seeing quote jcole corporation make solution different,['Competition'],"{""competitors"": [""JCole Corporation""], ""ORG"": [""JCole Corporation""]}"
23,We're looking at solutions in the education sector. lack of insights is our main challenge.,Industry Specific,looking solution education sector lack insight main challenge,['Industry Specific'],"{""pain_points"": [""lack of insights""], ""industries"": [""education""]}"
24,Our IT Director is interested in understanding streamlined operations.,Decision Maker Interaction,director interested understanding streamlined operation,['Decision Maker Interaction'],"{""decision_makers"": [""IT Director""]}"
25,We're looking at solutions in the healthcare sector. lack of insights is our main challenge.,Industry Specific,looking solution healthcare sector lack insight main challenge,['Industry Specific'],"{""pain_points"": [""lack of insights""], ""industries"": [""healthcare""]}"
26,I'm seeing quotes from Nas and Co. What makes your solution different?,Competition,im seeing quote na co make solution different,['Competition'],"{""competitors"": [""Nas and Co""], ""GPE"": [""Nas""]}"
27,We're looking at solutions in the retail sector. inefficient process is our main challenge.,Industry Specific,looking solution retail sector inefficient process main challenge,['Industry Specific'],"{""pain_points"": [""inefficient process""], ""industries"": [""retail""]}"
28,I'm seeing quotes from KDot Technologies. What makes your solution different?,Competition,im seeing quote kdot technology make solution different,['Competition'],"{""competitors"": [""KDot Technologies""], ""ORG"": [""KDot Technologies""]}"
29,Our Head of Data is interested in understanding competitive advantage.,Decision Maker Interaction,head data interested understanding competitive advantage,['Decision Maker Interaction'],"{""decision_makers"": [""Head of Data""]}"
30,I'm seeing quotes from MosDef Analytics. What makes your solution different?,Competition,im seeing quote mosdef analytics make solution different,['Competition'],"{""competitors"": [""MosDef Analytics""], ""features"": [""Analytics""], ""ORG"": [""MosDef Analytics""]}"
31,Currently evaluating solutions. Can you walk me through your offering?,Positive,currently evaluating solution walk offering,['Positive'],{}
32,We're experiencing integration challenges and need a robust solution.,Technical Inquiry,experiencing integration challenge need robust solution,['Technical Inquiry'],"{""pain_points"": [""integration challenges""], ""technical_concerns"": [""integration""]}"
33,Our Chief Data Officer is interested in understanding increased efficiency.,Decision Maker Interaction,chief data officer interested understanding increased efficiency,['Decision Maker Interaction'],"{""decision_makers"": [""Chief Data Officer""]}"
34,We're experiencing scalability issues and need a robust solution.,Technical Inquiry,experiencing scalability issue need robust solution,['Technical Inquiry'],"{""pain_points"": [""scalability issues""], ""technical_concerns"": [""scalability""]}"
35,What predictive modeling can help us improve our current processes?,Positive,predictive modeling help u improve current process,['Positive'],"{""features"": [""predictive modeling""]}"
36,What data pipeline can help us improve our current processes?,Positive,data pipeline help u improve current process,['Positive'],"{""features"": [""data pipeline""]}"
37,What analytics can help us improve our current processes?,Positive,analytics help u improve current process,['Positive'],"{""features"": [""analytics""]}"
38,What Natural language processing can help us improve our current processes?,Positive,natural language processing help u improve current process,['Positive'],"{""features"": [""Natural language processing""]}"
39,What Regression and classification can help us improve our current processes?,Positive,regression classification help u improve current process,['Positive'],"{""features"": [""Regression and classification""]}"
40,We're looking at solutions in the telecommunications sector. integration challenges is our main challenge.,"Technical Inquiry, Industry Specific",looking solution telecommunication sector integration challenge main challenge,"['Technical Inquiry', 'Industry Specific']","{""pain_points"": [""integration challenges""], ""industries"": [""telecommunications""], ""technical_concerns"": [""integration""]}"
41,Budget is tight. need approval.,Pricing Discussion,budget tight need approval,['Pricing Discussion'],"{""pricing_keywords"": [""Budget""], ""ORG"": [""Budget""]}"
42,Budget is tight. need approval.,Pricing Discussion,budget tight need approval,['Pricing Discussion'],"{""pricing_keywords"": [""Budget""], ""ORG"": [""Budget""]}"
43,I'm seeing quotes from Nas and Co. What makes your solution different?,Competition,im seeing quote na co make solution different,['Competition'],"{""competitors"": [""Nas and Co""], ""GPE"": [""Nas""]}"
44,How do you address scalability for enterprise clients?,Technical Inquiry,address scalability enterprise client,['Technical Inquiry'],"{""technical_concerns"": [""scalability""]}"
45,What AI can help us improve our current processes?,Positive,ai help u improve current process,['Positive'],"{""features"": [""AI""], ""ORG"": [""AI""]}"
46,What Big data can help us improve our current processes?,Positive,big data help u improve current process,['Positive'],"{""features"": [""Big data""]}"
47,Currently looking for alternatives. Can you walk me through your offering?,Positive,currently looking alternative walk offering,['Positive'],{}
48,We're experiencing integration challenges and need a robust solution.,Technical Inquiry,experiencing integration challenge need robust solution,['Technical Inquiry'],"{""pain_points"": [""integration challenges""], ""technical_concerns"": [""integration""]}"
49,Budget is tight. vendor lock-in.,Pricing Discussion,budget tight vendor lockin,['Pricing Discussion'],"{""pricing_keywords"": [""Budget""], ""ORG"": [""Budget""]}"
50,How do you address reliability for enterprise clients?,Technical Inquiry,address reliability enterprise client,['Technical Inquiry'],"{""technical_concerns"": [""reliability""]}"
51,What machine learning can help us improve our current processes?,Positive,machine learning help u improve current process,['Positive'],"{""features"": [""machine learning""]}"
52,I'm seeing quotes from Tupac Solutions. What makes your solution different?,Competition,im seeing quote tupac solution make solution different,['Competition'],"{""competitors"": [""Tupac Solutions""], ""ORG"": [""Tupac Solutions""]}"
53,We're experiencing manual reporting and need a robust solution.,Positive,experiencing manual reporting need robust solution,['Positive'],"{""pain_points"": [""manual reporting""]}"
54,Our Chief Data Officer is interested in understanding increased efficiency.,Decision Maker Interaction,chief data officer interested understanding increased efficiency,['Decision Maker Interaction'],"{""decision_makers"": [""Chief Data Officer""]}"
55,We're experiencing lack of insights and need a robust solution.,Positive,experiencing lack insight need robust solution,['Positive'],"{""pain_points"": [""lack of insights""]}"
56,How do you address integration for enterprise clients?,Technical Inquiry,address integration enterprise client,['Technical Inquiry'],"{""technical_concerns"": [""integration""]}"
57,We're looking at solutions in the finance sector. integration challenges is our main challenge.,"Technical Inquiry, Industry Specific",looking solution finance sector integration challenge main challenge,"['Technical Inquiry', 'Industry Specific']","{""pain_points"": [""integration challenges""], ""industries"": [""finance""], ""technical_concerns"": [""integration""]}"
58,Our Head of Data is interested in understanding streamlined operations.,Decision Maker Interaction,head data interested understanding streamlined operation,['Decision Maker Interaction'],"{""decision_makers"": [""Head of Data""]}"
59,Our Head of Data is interested in understanding competitive advantage.,Decision Maker Interaction,head data interested understanding competitive advantage,['Decision Maker Interaction'],"{""decision_makers"": [""Head of Data""]}"
60,We're experiencing scalability issues and need a robust solution.,Technical Inquiry,experiencing scalability issue need robust solution,['Technical Inquiry'],"{""pain_points"": [""scalability issues""], ""technical_concerns"": [""scalability""]}"
61,Budget is tight. complex implementation.,Pricing Discussion,budget tight complex implementation,['Pricing Discussion'],"{""pricing_keywords"": [""Budget""], ""ORG"": [""Budget""]}"
62,How do you address compliance for enterprise clients?,Technical Inquiry,address compliance enterprise client,['Technical Inquiry'],"{""technical_concerns"": [""compliance""]}"
63,What data pipeline can help us improve our current processes?,Positive,data pipeline help u improve current process,['Positive'],"{""features"": [""data pipeline""]}"
64,I'm seeing quotes from Tupac Solutions. What makes your solution different?,Competition,im seeing quote tupac solution make solution different,['Competition'],"{""competitors"": [""Tupac Solutions""], ""ORG"": [""Tupac Solutions""]}"
65,We're experiencing data silos and need a robust solution.,Positive,experiencing data silo need robust solution,['Positive'],"{""pain_points"": [""data silos""]}"
66,Budget is tight. complex implementation.,Pricing Discussion,budget tight complex implementation,['Pricing Discussion'],"{""pricing_keywords"": [""Budget""], ""ORG"": [""Budget""]}"
67,We're experiencing inefficient process and need a robust solution.,Positive,experiencing inefficient process need robust solution,['Positive'],"{""pain_points"": [""inefficient process""]}"
68,Our VP of Technology is interested in understanding streamlined operations.,Decision Maker Interaction,vp technology interested understanding streamlined operation,['Decision Maker Interaction'],"{""decision_makers"": [""VP of Technology""]}"
69,Currently current contract expiring. Can you walk me through your offering?,Positive,currently current contract expiring walk offering,['Positive'],{}
70,Currently looking for alternatives. Can you walk me through your offering?,Positive,currently looking alternative walk offering,['Positive'],{}
71,I'm seeing quotes from KDot Technologies. What makes your solution different?,Competition,im seeing quote kdot technology make solution different,['Competition'],"{""competitors"": [""KDot Technologies""], ""ORG"": [""KDot Technologies""]}"
72,I'm seeing quotes from Nas and Co. What makes your solution different?,Competition,im seeing quote na co make solution different,['Competition'],"{""competitors"": [""Nas and Co""], ""GPE"": [""Nas""]}"
73,Budget is tight. budget constraints.,Pricing Discussion,budget tight budget constraint,['Pricing Discussion'],"{""pricing_keywords"": [""Budget"", ""budget"", ""constraints""], ""ORG"": [""Budget""]}"
74,We're looking at solutions in the finance sector. data silos is our main challenge.,Industry Specific,looking solution finance sector data silo main challenge,['Industry Specific'],"{""pain_points"": [""data silos""], ""industries"": [""finance""]}"
75,We're experiencing integration challenges and need a robust solution.,Technical Inquiry,experiencing integration challenge need robust solution,['Technical Inquiry'],"{""pain_points"": [""integration challenges""], ""technical_concerns"": [""integration""]}"
76,Budget is tight. too expensive.,Pricing Discussion,budget tight expensive,['Pricing Discussion'],"{""pricing_keywords"": [""Budget""], ""ORG"": [""Budget""]}"
77,We're looking at solutions in the manufacturing sector. integration challenges is our main challenge.,"Technical Inquiry, Industry Specific",looking solution manufacturing sector integration challenge main challenge,"['Technical Inquiry', 'Industry Specific']","{""pain_points"": [""integration challenges""], ""industries"": [""manufacturing""], ""technical_concerns"": [""integration""]}"
78,We're looking at solutions in the manufacturing sector. integration challenges is our main challenge.,"Technical Inquiry, Industry Specific",looking solution manufacturing sector integration challenge main challenge,"['Technical Inquiry', 'Industry Specific']","{""pain_points"": [""integration challenges""], ""industries"": [""manufacturing""], ""technical_concerns"": [""integration""]}"
79,I'm seeing quotes from Nas and Co. What makes your solution different?,Competition,im seeing quote na co make solution different,['Competition'],"{""competitors"": [""Nas and Co""], ""GPE"": [""Nas""]}"
80,Currently looking for alternatives. Can you walk me through your offering?,Positive,currently looking alternative walk offering,['Positive'],{}
81,Currently current contract expiring. Can you walk me through your offering?,Positive,currently current contract expiring walk offering,['Positive'],{}
82,Budget is tight. too expensive.,Pricing Discussion,budget tight expensive,['Pricing Discussion'],"{""pricing_keywords"": [""Budget""], ""ORG"": [""Budget""]}"
83,We're looking at solutions in the retail sector. integration challenges is our main challenge.,"Technical Inquiry, Industry Specific",looking solution retail sector integration challenge main challenge,"['Technical Inquiry', 'Industry Specific']","{""pain_points"": [""integration challenges""], ""industries"": [""retail""], ""technical_concerns"": [""integration""]}"
84,Budget is tight. not sure.,Pricing Discussion,budget tight sure,['Pricing Discussion'],"{""pricing_keywords"": [""Budget""], ""ORG"": [""Budget""]}"
85,We're experiencing inefficient process and need a robust solution.,Positive,experiencing inefficient process need robust solution,['Positive'],"{""pain_points"": [""inefficient process""]}"
86,We're experiencing manual reporting and need a robust solution.,Positive,experiencing manual reporting need robust solution,['Positive'],"{""pain_points"": [""manual reporting""]}"
87,How do you address performance for enterprise clients?,Technical Inquiry,address performance enterprise client,['Technical Inquiry'],"{""technical_concerns"": [""performance""]}"
88,What analytics can help us improve our current processes?,Positive,analytics help u improve current process,['Positive'],"{""features"": [""analytics""]}"
89,Our CFO is interested in understanding cost savings.,Decision Maker Interaction,cfo interested understanding cost saving,['Decision Maker Interaction'],"{""decision_makers"": [""CFO""], ""ORG"": [""CFO""]}"
90,Our CEO is interested in understanding competitive advantage.,Decision Maker Interaction,ceo interested understanding competitive advantage,['Decision Maker Interaction'],"{""decision_makers"": [""CEO""]}"
91,We're looking at solutions in the education sector. inefficient process is our main challenge.,Industry Specific,looking solution education sector inefficient process main challenge,['Industry Specific'],"{""pain_points"": [""inefficient process""], ""industries"": [""education""]}"
92,Budget is tight. not sure.,Pricing Discussion,budget tight sure,['Pricing Discussion'],"{""pricing_keywords"": [""Budget""], ""ORG"": [""Budget""]}"
93,How do you address data security for enterprise clients?,Technical Inquiry,address data security enterprise client,['Technical Inquiry'],"{""technical_concerns"": [""data security""]}"
94,Currently evaluating solutions. Can you walk me through your offering?,Positive,currently evaluating solution walk offering,['Positive'],{}
95,What machine learning can help us improve our current processes?,Positive,machine learning help u improve current process,['Positive'],"{""features"": [""machine learning""]}"
96,We're looking at solutions in the education sector. integration challenges is our main challenge.,"Technical Inquiry, Industry Specific",looking solution education sector integration challenge main challenge,"['Technical Inquiry', 'Industry Specific']","{""pain_points"": [""integration challenges""], ""industries"": [""education""], ""technical_concerns"": [""integration""]}"
97,We're experiencing lack of insights and need a robust solution.,Positive,experiencing lack insight need robust solution,['Positive'],"{""pain_points"": [""lack of insights""]}"
98,I'm seeing quotes from BiggyCorp. What makes your solution different?,Competition,im seeing quote biggycorp make solution different,['Competition'],"{""competitors"": [""BiggyCorp""], ""ORG"": [""BiggyCorp""]}"
99,We're looking at solutions in the education sector. inefficient process is our main challenge.,Industry Specific,looking solution education sector inefficient process main challenge,['Industry Specific'],"{""pain_points"": [""inefficient process""], ""industries"": [""education""]}"
100,We're looking at solutions in the telecommunications sector. data silos is our main challenge.,Industry Specific,looking solution telecommunication sector data silo main challenge,['Industry Specific'],"{""pain_points"": [""data silos""], ""industries"": [""telecommunications""]}"
101,We're experiencing integration challenges and need a robust solution.,Technical Inquiry,experiencing integration challenge need robust solution,['Technical Inquiry'],"{""pain_points"": [""integration challenges""], ""technical_concerns"": [""integration""]}"
102,Our CIO is interested in understanding streamlined operations.,Decision Maker Interaction,cio interested understanding streamlined operation,['Decision Maker Interaction'],"{""decision_makers"": [""CIO""]}"
103,We're experiencing inefficient process and need a robust solution.,Positive,experiencing inefficient process need robust solution,['Positive'],"{""pain_points"": [""inefficient process""]}"
104,How do you address scalability for enterprise clients?,Technical Inquiry,address scalability enterprise client,['Technical Inquiry'],"{""technical_concerns"": [""scalability""]}"
105,How do you address scalability for enterprise clients?,Technical Inquiry,address scalability enterprise client,['Technical Inquiry'],"{""technical_concerns"": [""scalability""]}"
106,How do you address scalability for enterprise clients?,Technical Inquiry,address scalability enterprise client,['Technical Inquiry'],"{""technical_concerns"": [""scalability""]}"
107,We're experiencing scalability issues and need a robust solution.,Technical Inquiry,experiencing scalability issue need robust solution,['Technical Inquiry'],"{""pain_points"": [""scalability issues""], ""technical_concerns"": [""scalability""]}"
108,Currently current contract expiring. Can you walk me through your offering?,Positive,currently current contract expiring walk offering,['Positive'],{}
109,Our VP of Technology is interested in understanding competitive advantage.,Decision Maker Interaction,vp technology interested understanding competitive advantage,['Decision Maker Interaction'],"{""decision_makers"": [""VP of Technology""]}"
110,Our CFO is interested in understanding competitive advantage.,Decision Maker Interaction,cfo interested understanding competitive advantage,['Decision Maker Interaction'],"{""decision_makers"": [""CFO""], ""ORG"": [""CFO""]}"
111,Currently looking for alternatives. Can you walk me through your offering?,Positive,currently looking alternative walk offering,['Positive'],{}
112,We're experiencing manual reporting and need a robust solution.,Positive,experiencing manual reporting need robust solution,['Positive'],"{""pain_points"": [""manual reporting""]}"
113,We're looking at solutions in the manufacturing sector. data silos is our main challenge.,Industry Specific,looking solution manufacturing sector data silo main challenge,['Industry Specific'],"{""pain_points"": [""data silos""], ""industries"": [""manufacturing""]}"
114,Budget is tight. need approval.,Pricing Discussion,budget tight need approval,['Pricing Discussion'],"{""pricing_keywords"": [""Budget""], ""ORG"": [""Budget""]}"
115,We're looking at solutions in the finance sector. inefficient process is our main challenge.,Industry Specific,looking solution finance sector inefficient process main challenge,['Industry Specific'],"{""pain_points"": [""inefficient process""], ""industries"": [""finance""]}"
116,Budget is tight. vendor lock-in.,Pricing Discussion,budget tight vendor lockin,['Pricing Discussion'],"{""pricing_keywords"": [""Budget""], ""ORG"": [""Budget""]}"
117,Currently looking for alternatives. Can you walk me through your offering?,Positive,currently looking alternative walk offering,['Positive'],{}
118,How do you address reliability for enterprise clients?,Technical Inquiry,address reliability enterprise client,['Technical Inquiry'],"{""technical_concerns"": [""reliability""]}"
119,Currently evaluating solutions. Can you walk me through your offering?,Positive,currently evaluating solution walk offering,['Positive'],{}
120,Our Chief Data Officer is interested in understanding increased efficiency.,Decision Maker Interaction,chief data officer interested understanding increased efficiency,['Decision Maker Interaction'],"{""decision_makers"": [""Chief Data Officer""]}"
121,We're looking at solutions in the telecommunications sector. integration challenges is our main challenge.,"Technical Inquiry, Industry Specific",looking solution telecommunication sector integration challenge main challenge,"['Technical Inquiry', 'Industry Specific']","{""pain_points"": [""integration challenges""], ""industries"": [""telecommunications""], ""technical_concerns"": [""integration""]}"
122,Budget is tight. vendor lock-in.,Pricing Discussion,budget tight vendor lockin,['Pricing Discussion'],"{""pricing_keywords"": [""Budget""], ""ORG"": [""Budget""]}"
123,I'm seeing quotes from MosDef Analytics. What makes your solution different?,Competition,im seeing quote mosdef analytics make solution different,['Competition'],"{""competitors"": [""MosDef Analytics""], ""features"": [""Analytics""], ""ORG"": [""MosDef Analytics""]}"
124,Budget is tight. budget constraints.,Pricing Discussion,budget tight budget constraint,['Pricing Discussion'],"{""pricing_keywords"": [""Budget"", ""budget"", ""constraints""], ""ORG"": [""Budget""]}"
125,How do you address reliability for enterprise clients?,Technical Inquiry,address reliability enterprise client,['Technical Inquiry'],"{""technical_concerns"": [""reliability""]}"
126,What Big data can help us improve our current processes?,Positive,big data help u improve current process,['Positive'],"{""features"": [""Big data""]}"
127,How do you address data security for enterprise clients?,Technical Inquiry,address data security enterprise client,['Technical Inquiry'],"{""technical_concerns"": [""data security""]}"
128,We're experiencing lack of insights and need a robust solution.,Positive,experiencing lack insight need robust solution,['Positive'],"{""pain_points"": [""lack of insights""]}"
129,I'm seeing quotes from JCole Corporation. What makes your solution different?,Competition,im seeing quote jcole corporation make solution different,['Competition'],"{""competitors"": [""JCole Corporation""], ""ORG"": [""JCole Corporation""]}"
130,Currently current contract expiring. Can you walk me through your offering?,Positive,currently current contract expiring walk offering,['Positive'],{}
131,How do you address performance for enterprise clients?,Technical Inquiry,address performance enterprise client,['Technical Inquiry'],"{""technical_concerns"": [""performance""]}"
132,We're looking at solutions in the healthcare sector. scalability issues is our main challenge.,"Technical Inquiry, Industry Specific",looking solution healthcare sector scalability issue main challenge,"['Technical Inquiry', 'Industry Specific']","{""pain_points"": [""scalability issues""], ""industries"": [""healthcare""], ""technical_concerns"": [""scalability""]}"
133,We're experiencing data silos and need a robust solution.,Positive,experiencing data silo need robust solution,['Positive'],"{""pain_points"": [""data silos""]}"
134,How do you address reliability for enterprise clients?,Technical Inquiry,address reliability enterprise client,['Technical Inquiry'],"{""technical_concerns"": [""reliability""]}"
135,Our VP of Technology is interested in understanding competitive advantage.,Decision Maker Interaction,vp technology interested understanding competitive advantage,['Decision Maker Interaction'],"{""decision_makers"": [""VP of Technology""]}"
136,Our CFO is interested in understanding improved decision-making.,Decision Maker Interaction,cfo interested understanding improved decisionmaking,['Decision Maker Interaction'],"{""decision_makers"": [""CFO""], ""ORG"": [""CFO""]}"
137,We're experiencing data silos and need a robust solution.,Positive,experiencing data silo need robust solution,['Positive'],"{""pain_points"": [""data silos""]}"
138,Currently looking for alternatives. Can you walk me through your offering?,Positive,currently looking alternative walk offering,['Positive'],{}
139,What Natural language processing can help us improve our current processes?,Positive,natural language processing help u improve current process,['Positive'],"{""features"": [""Natural language processing""]}"
140,How do you address data security for enterprise clients?,Technical Inquiry,address data security enterprise client,['Technical Inquiry'],"{""technical_concerns"": [""data security""]}"
141,We're experiencing lack of insights and need a robust solution.,Positive,experiencing lack insight need robust solution,['Positive'],"{""pain_points"": [""lack of insights""]}"
142,Budget is tight. budget constraints.,Pricing Discussion,budget tight budget constraint,['Pricing Discussion'],"{""pricing_keywords"": [""Budget"", ""budget"", ""constraints""], ""ORG"": [""Budget""]}"
143,We're experiencing inefficient process and need a robust solution.,Positive,experiencing inefficient process need robust solution,['Positive'],"{""pain_points"": [""inefficient process""]}"
144,Budget is tight. vendor lock-in.,Pricing Discussion,budget tight vendor lockin,['Pricing Discussion'],"{""pricing_keywords"": [""Budget""], ""ORG"": [""Budget""]}"
145,Our CEO is interested in understanding streamlined operations.,Decision Maker Interaction,ceo interested understanding streamlined operation,['Decision Maker Interaction'],"{""decision_makers"": [""CEO""]}"
146,We're experiencing manual reporting and need a robust solution.,Positive,experiencing manual reporting need robust solution,['Positive'],"{""pain_points"": [""manual reporting""]}"
147,We're looking at solutions in the tech sector. data silos is our main challenge.,Industry Specific,looking solution tech sector data silo main challenge,['Industry Specific'],"{""pain_points"": [""data silos""], ""industries"": [""tech""]}"
148,We're experiencing data silos and need a robust solution.,Positive,experiencing data silo need robust solution,['Positive'],"{""pain_points"": [""data silos""]}"
149,I'm seeing quotes from JCole Corporation. What makes your solution different?,Competition,im seeing quote jcole corporation make solution different,['Competition'],"{""competitors"": [""JCole Corporation""], ""ORG"": [""JCole Corporation""]}"
150,Our CIO is interested in understanding increased efficiency.,Decision Maker Interaction,cio interested understanding increased efficiency,['Decision Maker Interaction'],"{""decision_makers"": [""CIO""]}"
151,We're experiencing integration challenges and need a robust solution.,Technical Inquiry,experiencing integration challenge need robust solution,['Technical Inquiry'],"{""pain_points"": [""integration challenges""], ""technical_concerns"": [""integration""]}"
152,Our CTO is interested in understanding competitive advantage.,Decision Maker Interaction,cto interested understanding competitive advantage,['Decision Maker Interaction'],"{""decision_makers"": [""CTO""], ""ORG"": [""CTO""]}"
153,I'm seeing quotes from Nas and Co. What makes your solution different?,Competition,im seeing quote na co make solution different,['Competition'],"{""competitors"": [""Nas and Co""], ""GPE"": [""Nas""]}"
154,We're looking at solutions in the retail sector. lack of insights is our main challenge.,Industry Specific,looking solution retail sector lack insight main challenge,['Industry Specific'],"{""pain_points"": [""lack of insights""], ""industries"": [""retail""]}"
155,We're looking at solutions in the healthcare sector. inefficient process is our main challenge.,Industry Specific,looking solution healthcare sector inefficient process main challenge,['Industry Specific'],"{""pain_points"": [""inefficient process""], ""industries"": [""healthcare""]}"
156,How do you address integration for enterprise clients?,Technical Inquiry,address integration enterprise client,['Technical Inquiry'],"{""technical_concerns"": [""integration""]}"
157,We're looking at solutions in the telecommunications sector. inefficient process is our main challenge.,Industry Specific,looking solution telecommunication sector inefficient process main challenge,['Industry Specific'],"{""pain_points"": [""inefficient process""], ""industries"": [""telecommunications""]}"
158,Our CIO is interested in understanding improved decision-making.,Decision Maker Interaction,cio interested understanding improved decisionmaking,['Decision Maker Interaction'],"{""decision_makers"": [""CIO""]}"
159,What AI can help us improve our current processes?,Positive,ai help u improve current process,['Positive'],"{""features"": [""AI""], ""ORG"": [""AI""]}"
160,We're experiencing integration challenges and need a robust solution.,Technical Inquiry,experiencing integration challenge need robust solution,['Technical Inquiry'],"{""pain_points"": [""integration challenges""], ""technical_concerns"": [""integration""]}"
161,Our IT Director is interested in understanding streamlined operations.,Decision Maker Interaction,director interested understanding streamlined operation,['Decision Maker Interaction'],"{""decision_makers"": [""IT Director""]}"
162,We're experiencing inefficient process and need a robust solution.,Positive,experiencing inefficient process need robust solution,['Positive'],"{""pain_points"": [""inefficient process""]}"
163,We're experiencing lack of insights and need a robust solution.,Positive,experiencing lack insight need robust solution,['Positive'],"{""pain_points"": [""lack of insights""]}"
164,Currently looking for alternatives. Can you walk me through your offering?,Positive,currently looking alternative walk offering,['Positive'],{}
165,We're looking at solutions in the education sector. data silos is our main challenge.,Industry Specific,looking solution education sector data silo main challenge,['Industry Specific'],"{""pain_points"": [""data silos""], ""industries"": [""education""]}"
166,How do you address integration for enterprise clients?,Technical Inquiry,address integration enterprise client,['Technical Inquiry'],"{""technical_concerns"": [""integration""]}"
167,How do you address integration for enterprise clients?,Technical Inquiry,address integration enterprise client,['Technical Inquiry'],"{""technical_concerns"": [""integration""]}"
168,Our CFO is interested in understanding increased efficiency.,Decision Maker Interaction,cfo interested understanding increased efficiency,['Decision Maker Interaction'],"{""decision_makers"": [""CFO""], ""ORG"": [""CFO""]}"
169,We're experiencing manual reporting and need a robust solution.,Positive,experiencing manual reporting need robust solution,['Positive'],"{""pain_points"": [""manual reporting""]}"
170,Currently seeking improvements. Can you walk me through your offering?,Positive,currently seeking improvement walk offering,['Positive'],{}
171,What machine learning can help us improve our current processes?,Positive,machine learning help u improve current process,['Positive'],"{""features"": [""machine learning""]}"
172,I'm seeing quotes from BiggyCorp. What makes your solution different?,Competition,im seeing quote biggycorp make solution different,['Competition'],"{""competitors"": [""BiggyCorp""], ""ORG"": [""BiggyCorp""]}"
173,Our CEO is interested in understanding competitive advantage.,Decision Maker Interaction,ceo interested understanding competitive advantage,['Decision Maker Interaction'],"{""decision_makers"": [""CEO""]}"
174,What Natural language processing can help us improve our current processes?,Positive,natural language processing help u improve current process,['Positive'],"{""features"": [""Natural language processing""]}"
175,What predictive modeling can help us improve our current processes?,Positive,predictive modeling help u improve current process,['Positive'],"{""features"": [""predictive modeling""]}"
176,What predictive modeling can help us improve our current processes?,Positive,predictive modeling help u improve current process,['Positive'],"{""features"": [""predictive modeling""]}"
177,I'm seeing quotes from Nas and Co. What makes your solution different?,Competition,im seeing quote na co make solution different,['Competition'],"{""competitors"": [""Nas and Co""], ""GPE"": [""Nas""]}"
178,What analytics can help us improve our current processes?,Positive,analytics help u improve current process,['Positive'],"{""features"": [""analytics""]}"
179,We're looking at solutions in the manufacturing sector. data silos is our main challenge.,Industry Specific,looking solution manufacturing sector data silo main challenge,['Industry Specific'],"{""pain_points"": [""data silos""], ""industries"": [""manufacturing""]}"
180,I'm seeing quotes from Nas and Co. What makes your solution different?,Competition,im seeing quote na co make solution different,['Competition'],"{""competitors"": [""Nas and Co""], ""GPE"": [""Nas""]}"
181,How do you address reliability for enterprise clients?,Technical Inquiry,address reliability enterprise client,['Technical Inquiry'],"{""technical_concerns"": [""reliability""]}"
182,How do you address data security for enterprise clients?,Technical Inquiry,address data security enterprise client,['Technical Inquiry'],"{""technical_concerns"": [""data security""]}"
183,What analytics can help us improve our current processes?,Positive,analytics help u improve current process,['Positive'],"{""features"": [""analytics""]}"
184,I'm seeing quotes from Nas and Co. What makes your solution different?,Competition,im seeing quote na co make solution different,['Competition'],"{""competitors"": [""Nas and Co""], ""GPE"": [""Nas""]}"
185,How do you address reliability for enterprise clients?,Technical Inquiry,address reliability enterprise client,['Technical Inquiry'],"{""technical_concerns"": [""reliability""]}"
186,Currently current contract expiring. Can you walk me through your offering?,Positive,currently current contract expiring walk offering,['Positive'],{}
187,We're experiencing data silos and need a robust solution.,Positive,experiencing data silo need robust solution,['Positive'],"{""pain_points"": [""data silos""]}"
188,What predictive modeling can help us improve our current processes?,Positive,predictive modeling help u improve current process,['Positive'],"{""features"": [""predictive modeling""]}"
189,Budget is tight. complex implementation.,Pricing Discussion,budget tight complex implementation,['Pricing Discussion'],"{""pricing_keywords"": [""Budget""], ""ORG"": [""Budget""]}"
190,I'm seeing quotes from MosDef Analytics. What makes your solution different?,Competition,im seeing quote mosdef analytics make solution different,['Competition'],"{""competitors"": [""MosDef Analytics""], ""features"": [""Analytics""], ""ORG"": [""MosDef Analytics""]}"
191,How do you address reliability for enterprise clients?,Technical Inquiry,address reliability enterprise client,['Technical Inquiry'],"{""technical_concerns"": [""reliability""]}"
192,Our CIO is interested in understanding cost savings.,Decision Maker Interaction,cio interested understanding cost saving,['Decision Maker Interaction'],"{""decision_makers"": [""CIO""]}"
193,Our CFO is interested in understanding improved decision-making.,Decision Maker Interaction,cfo interested understanding improved decisionmaking,['Decision Maker Interaction'],"{""decision_makers"": [""CFO""], ""ORG"": [""CFO""]}"
194,We're experiencing integration challenges and need a robust solution.,Technical Inquiry,experiencing integration challenge need robust solution,['Technical Inquiry'],"{""pain_points"": [""integration challenges""], ""technical_concerns"": [""integration""]}"
195,How do you address performance for enterprise clients?,Technical Inquiry,address performance enterprise client,['Technical Inquiry'],"{""technical_concerns"": [""performance""]}"
196,We're experiencing manual reporting and need a robust solution.,Positive,experiencing manual reporting need robust solution,['Positive'],"{""pain_points"": [""manual reporting""]}"
197,Currently current contract expiring. Can you walk me through your offering?,Positive,currently current contract expiring walk offering,['Positive'],{}
198,We're looking at solutions in the healthcare sector. scalability issues is our main challenge.,"Technical Inquiry, Industry Specific",looking solution healthcare sector scalability issue main challenge,"['Technical Inquiry', 'Industry Specific']","{""pain_points"": [""scalability issues""], ""industries"": [""healthcare""], ""technical_concerns"": [""scalability""]}"
199,We're looking at solutions in the telecommunications sector. manual reporting is our main challenge.,Industry Specific,looking solution telecommunication sector manual reporting main challenge,['Industry Specific'],"{""pain_points"": [""manual reporting""], ""industries"": [""telecommunications""]}"
200,We're looking at solutions in the retail sector. manual reporting is our main challenge.,Industry Specific,looking solution retail sector manual reporting main challenge,['Industry Specific'],"{""pain_points"": [""manual reporting""], ""industries"": [""retail""]}"
